memo_id,title_name,solution,posted_at,last_updated_at,resolved_at,user_id,detail,resolved
1,Python環境構築の問題,解決策1: 適切な手順とツールの選定により、効果的に問題を解決しました。継続的な改善とチーム内のコミュニケーションが鍵となります。 解決策1: 適切な手順とツールの選定により、効果的に問題を解決しまし,2024-03-26 20:05:27.881305,2024-03-26 19:05:27.881305,2024-03-26 18:05:27.881305,1,詳細1: この問題の解決には、深い技術的理解と複数の試みが必要でした。最終的に、適切な解決策を見つけ出し、プロジェクトの進行に貢献することができました。 詳細1: この問題の解決には、深い技術的理解と,0
2,Ruby on Rails API作成,解決策2: 適切な手順とツールの選定により、効果的に問題を解決しました。継続的な改善とチーム内のコミュニケーションが鍵となります。 解決策2: 適切な手順とツールの選定により、効果的に問題を解決しまし,2024-03-25 20:05:27.881305,2024-03-25 19:05:27.881305,2024-03-25 18:05:27.881305,2,詳細2: この問題の解決には、深い技術的理解と複数の試みが必要でした。最終的に、適切な解決策を見つけ出し、プロジェクトの進行に貢献することができました。 詳細2: この問題の解決には、深い技術的理解と,1
3,JavaScriptフレームワークの選定,解決策3: 適切な手順とツールの選定により、効果的に問題を解決しました。継続的な改善とチーム内のコミュニケーションが鍵となります。 解決策3: 適切な手順とツールの選定により、効果的に問題を解決しまし,2024-03-24 20:05:27.881305,2024-03-24 19:05:27.881305,2024-03-24 18:05:27.881305,3,詳細3: この問題の解決には、深い技術的理解と複数の試みが必要でした。最終的に、適切な解決策を見つけ出し、プロジェクトの進行に貢献することができました。 詳細3: この問題の解決には、深い技術的理解と,1
4,Dockerコンテナの最適化,解決策4: 適切な手順とツールの選定により、効果的に問題を解決しました。継続的な改善とチーム内のコミュニケーションが鍵となります。 解決策4: 適切な手順とツールの選定により、効果的に問題を解決しまし,2024-03-23 20:05:27.881305,2024-03-23 19:05:27.881305,2024-03-23 18:05:27.881305,1,詳細4: この問題の解決には、深い技術的理解と複数の試みが必要でした。最終的に、適切な解決策を見つけ出し、プロジェクトの進行に貢献することができました。 詳細4: この問題の解決には、深い技術的理解と,1
5,Reactでの状態管理,解決策5: 適切な手順とツールの選定により、効果的に問題を解決しました。継続的な改善とチーム内のコミュニケーションが鍵となります。 解決策5: 適切な手順とツールの選定により、効果的に問題を解決しまし,2024-03-22 20:05:27.881305,2024-03-22 19:05:27.881305,2024-03-22 18:05:27.881305,2,詳細5: この問題の解決には、深い技術的理解と複数の試みが必要でした。最終的に、適切な解決策を見つけ出し、プロジェクトの進行に貢献することができました。 詳細5: この問題の解決には、深い技術的理解と,0
6,Vue.jsプロジェクトの始め方,解決策6: 適切な手順とツールの選定により、効果的に問題を解決しました。継続的な改善とチーム内のコミュニケーションが鍵となります。 解決策6: 適切な手順とツールの選定により、効果的に問題を解決しまし,2024-03-21 20:05:27.881305,2024-03-21 19:05:27.881305,2024-03-21 18:05:27.881305,3,詳細6: この問題の解決には、深い技術的理解と複数の試みが必要でした。最終的に、適切な解決策を見つけ出し、プロジェクトの進行に貢献することができました。 詳細6: この問題の解決には、深い技術的理解と,1
7,環境設定の自動化,解決策7: 適切な手順とツールの選定により、効果的に問題を解決しました。継続的な改善とチーム内のコミュニケーションが鍵となります。 解決策7: 適切な手順とツールの選定により、効果的に問題を解決しまし,2024-03-30 04:52:28.105135,2024-03-30 03:52:28.105135,2024-03-30 02:52:28.105135,4,詳細7: この問題の解決には、深い技術的理解と複数の試みが必要でした。最終的に、適切な解決策を見つけ出し、プロジェクトの進行に貢献することができました。 詳細7: この問題の解決には、深い技術的理解と,1
8,依存関係の衝突解消,解決策8: 適切な手順とツールの選定により、効果的に問題を解決しました。継続的な改善とチーム内のコミュニケーションが鍵となります。 解決策8: 適切な手順とツールの選定により、効果的に問題を解決しまし,2024-03-29 04:52:28.105135,2024-03-29 03:52:28.105135,2024-03-29 02:52:28.105135,4,詳細8: この問題の解決には、深い技術的理解と複数の試みが必要でした。最終的に、適切な解決策を見つけ出し、プロジェクトの進行に貢献することができました。 詳細8: この問題の解決には、深い技術的理解と,1
9,複雑なバグのデバッグ,解決策9: 適切な手順とツールの選定により、効果的に問題を解決しました。継続的な改善とチーム内のコミュニケーションが鍵となります。 解決策9: 適切な手順とツールの選定により、効果的に問題を解決しまし,2024-03-28 04:52:28.105135,2024-03-28 03:52:28.105135,2024-03-28 02:52:28.105135,2,詳細9: この問題の解決には、深い技術的理解と複数の試みが必要でした。最終的に、適切な解決策を見つけ出し、プロジェクトの進行に貢献することができました。 詳細9: この問題の解決には、深い技術的理解と,0
10,データベース性能の最適化,解決策10: 適切な手順とツールの選定により、効果的に問題を解決しました。継続的な改善とチーム内のコミュニケーションが鍵となります。 解決策10: 適切な手順とツールの選定により、効果的に問題を解決し,2024-03-27 04:52:28.105135,2024-03-27 03:52:28.105135,2024-03-27 02:52:28.105135,2,詳細10: この問題の解決には、深い技術的理解と複数の試みが必要でした。最終的に、適切な解決策を見つけ出し、プロジェクトの進行に貢献することができました。 詳細10: この問題の解決には、深い技術的理,1
11,セキュリティベストプラクティスの適用,解決策11: 適切な手順とツールの選定により、効果的に問題を解決しました。継続的な改善とチーム内のコミュニケーションが鍵となります。 解決策11: 適切な手順とツールの選定により、効果的に問題を解決し,2024-03-26 04:52:28.105135,2024-03-26 03:52:28.105135,2024-03-26 02:52:28.105135,2,詳細11: この問題の解決には、深い技術的理解と複数の試みが必要でした。最終的に、適切な解決策を見つけ出し、プロジェクトの進行に貢献することができました。 詳細11: この問題の解決には、深い技術的理,1
12,フロントエンドのパフォーマンス改善,解決策12: 適切な手順とツールの選定により、効果的に問題を解決しました。継続的な改善とチーム内のコミュニケーションが鍵となります。 解決策12: 適切な手順とツールの選定により、効果的に問題を解決し,2024-03-25 04:52:28.105135,2024-03-25 03:52:28.105135,2024-03-25 02:52:28.105135,4,詳細12: この問題の解決には、深い技術的理解と複数の試みが必要でした。最終的に、適切な解決策を見つけ出し、プロジェクトの進行に貢献することができました。 詳細12: この問題の解決には、深い技術的理,0
13,直感的なUIデザインの構築,解決策13: 適切な手順とツールの選定により、効果的に問題を解決しました。継続的な改善とチーム内のコミュニケーションが鍵となります。 解決策13: 適切な手順とツールの選定により、効果的に問題を解決し,2024-03-24 04:52:28.105135,2024-03-24 03:52:28.105135,2024-03-24 02:52:28.105135,4,詳細13: この問題の解決には、深い技術的理解と複数の試みが必要でした。最終的に、適切な解決策を見つけ出し、プロジェクトの進行に貢献することができました。 詳細13: この問題の解決には、深い技術的理,0
14,RESTful APIの設計,解決策14: 適切な手順とツールの選定により、効果的に問題を解決しました。継続的な改善とチーム内のコミュニケーションが鍵となります。 解決策14: 適切な手順とツールの選定により、効果的に問題を解決し,2024-03-23 04:52:28.105135,2024-03-23 03:52:28.105135,2024-03-23 02:52:28.105135,1,詳細14: この問題の解決には、深い技術的理解と複数の試みが必要でした。最終的に、適切な解決策を見つけ出し、プロジェクトの進行に貢献することができました。 詳細14: この問題の解決には、深い技術的理,1
15,単体テストの強化,解決策15: 適切な手順とツールの選定により、効果的に問題を解決しました。継続的な改善とチーム内のコミュニケーションが鍵となります。 解決策15: 適切な手順とツールの選定により、効果的に問題を解決し,2024-03-22 04:52:28.105135,2024-03-22 03:52:28.105135,2024-03-22 02:52:28.105135,1,詳細15: この問題の解決には、深い技術的理解と複数の試みが必要でした。最終的に、適切な解決策を見つけ出し、プロジェクトの進行に貢献することができました。 詳細15: この問題の解決には、深い技術的理,0
16,CI/CDパイプラインの構築,解決策16: 適切な手順とツールの選定により、効果的に問題を解決しました。継続的な改善とチーム内のコミュニケーションが鍵となります。 解決策16: 適切な手順とツールの選定により、効果的に問題を解決し,2024-03-21 04:52:28.105135,2024-03-21 03:52:28.105135,2024-03-21 02:52:28.105135,4,詳細16: この問題の解決には、深い技術的理解と複数の試みが必要でした。最終的に、適切な解決策を見つけ出し、プロジェクトの進行に貢献することができました。 詳細16: この問題の解決には、深い技術的理,1
17,Gitフロー戦略の選定,解決策17: 適切な手順とツールの選定により、効果的に問題を解決しました。継続的な改善とチーム内のコミュニケーションが鍵となります。 解決策17: 適切な手順とツールの選定により、効果的に問題を解決し,2024-03-20 04:52:28.105135,2024-03-20 03:52:28.105135,2024-03-20 02:52:28.105135,2,詳細17: この問題の解決には、深い技術的理解と複数の試みが必要でした。最終的に、適切な解決策を見つけ出し、プロジェクトの進行に貢献することができました。 詳細17: この問題の解決には、深い技術的理,1
18,プロジェクトドキュメンテーションの改善,解決策18: 適切な手順とツールの選定により、効果的に問題を解決しました。継続的な改善とチーム内のコミュニケーションが鍵となります。 解決策18: 適切な手順とツールの選定により、効果的に問題を解決し,2024-03-19 04:52:28.105135,2024-03-19 03:52:28.105135,2024-03-19 02:52:28.105135,2,詳細18: この問題の解決には、深い技術的理解と複数の試みが必要でした。最終的に、適切な解決策を見つけ出し、プロジェクトの進行に貢献することができました。 詳細18: この問題の解決には、深い技術的理,0
19,クロスプラットフォーム対応の課題,解決策19: 適切な手順とツールの選定により、効果的に問題を解決しました。継続的な改善とチーム内のコミュニケーションが鍵となります。 解決策19: 適切な手順とツールの選定により、効果的に問題を解決し,2024-03-18 04:52:28.105135,2024-03-18 03:52:28.105135,2024-03-18 02:52:28.105135,1,詳細19: この問題の解決には、深い技術的理解と複数の試みが必要でした。最終的に、適切な解決策を見つけ出し、プロジェクトの進行に貢献することができました。 詳細19: この問題の解決には、深い技術的理,0
20,メモリ管理の最適化,解決策20: 適切な手順とツールの選定により、効果的に問題を解決しました。継続的な改善とチーム内のコミュニケーションが鍵となります。 解決策20: 適切な手順とツールの選定により、効果的に問題を解決し,2024-03-17 04:52:28.105135,2024-03-17 03:52:28.105135,2024-03-17 02:52:28.105135,4,詳細20: この問題の解決には、深い技術的理解と複数の試みが必要でした。最終的に、適切な解決策を見つけ出し、プロジェクトの進行に貢献することができました。 詳細20: この問題の解決には、深い技術的理,1
21,アプリのローカライズ,解決策21: 適切な手順とツールの選定により、効果的に問題を解決しました。継続的な改善とチーム内のコミュニケーションが鍵となります。 解決策21: 適切な手順とツールの選定により、効果的に問題を解決し,2024-03-16 04:52:28.105135,2024-03-16 03:52:28.105135,2024-03-16 02:52:28.105135,1,詳細21: この問題の解決には、深い技術的理解と複数の試みが必要でした。最終的に、適切な解決策を見つけ出し、プロジェクトの進行に貢献することができました。 詳細21: この問題の解決には、深い技術的理,1
22,Webアクセシビリティの向上,解決策22: 適切な手順とツールの選定により、効果的に問題を解決しました。継続的な改善とチーム内のコミュニケーションが鍵となります。 解決策22: 適切な手順とツールの選定により、効果的に問題を解決し,2024-03-15 04:52:28.105135,2024-03-15 03:52:28.105135,2024-03-15 02:52:28.105135,1,詳細22: この問題の解決には、深い技術的理解と複数の試みが必要でした。最終的に、適切な解決策を見つけ出し、プロジェクトの進行に貢献することができました。 詳細22: この問題の解決には、深い技術的理,1
23,コードリファクタリングの計画,解決策23: 適切な手順とツールの選定により、効果的に問題を解決しました。継続的な改善とチーム内のコミュニケーションが鍵となります。 解決策23: 適切な手順とツールの選定により、効果的に問題を解決し,2024-03-14 04:52:28.105135,2024-03-14 03:52:28.105135,2024-03-14 02:52:28.105135,3,詳細23: この問題の解決には、深い技術的理解と複数の試みが必要でした。最終的に、適切な解決策を見つけ出し、プロジェクトの進行に貢献することができました。 詳細23: この問題の解決には、深い技術的理,0
24,大規模トラフィックへの対応,解決策24: 適切な手順とツールの選定により、効果的に問題を解決しました。継続的な改善とチーム内のコミュニケーションが鍵となります。 解決策24: 適切な手順とツールの選定により、効果的に問題を解決し,2024-03-13 04:52:28.105135,2024-03-13 03:52:28.105135,2024-03-13 02:52:28.105135,3,詳細24: この問題の解決には、深い技術的理解と複数の試みが必要でした。最終的に、適切な解決策を見つけ出し、プロジェクトの進行に貢献することができました。 詳細24: この問題の解決には、深い技術的理,0
25,アジャイル開発の適用,解決策25: 適切な手順とツールの選定により、効果的に問題を解決しました。継続的な改善とチーム内のコミュニケーションが鍵となります。 解決策25: 適切な手順とツールの選定により、効果的に問題を解決し,2024-03-12 04:52:28.105135,2024-03-12 03:52:28.105135,2024-03-12 02:52:28.105135,3,詳細25: この問題の解決には、深い技術的理解と複数の試みが必要でした。最終的に、適切な解決策を見つけ出し、プロジェクトの進行に貢献することができました。 詳細25: この問題の解決には、深い技術的理,0
26,新技術の学習と導入,解決策26: 適切な手順とツールの選定により、効果的に問題を解決しました。継続的な改善とチーム内のコミュニケーションが鍵となります。 解決策26: 適切な手順とツールの選定により、効果的に問題を解決し,2024-03-11 04:52:28.105135,2024-03-11 03:52:28.105135,2024-03-11 02:52:28.105135,2,詳細26: この問題の解決には、深い技術的理解と複数の試みが必要でした。最終的に、適切な解決策を見つけ出し、プロジェクトの進行に貢献することができました。 詳細26: この問題の解決には、深い技術的理,0
27,サーバーレスアーキテクチャの適用,解決策27: 適切な手順とツールの選定により、効果的に問題を解決しました。継続的な改善とチーム内のコミュニケーションが鍵となります。 解決策27: 適切な手順とツールの選定により、効果的に問題を解決し,2024-03-10 04:52:28.105135,2024-03-10 03:52:28.105135,2024-03-10 02:52:28.105135,4,詳細27: この問題の解決には、深い技術的理解と複数の試みが必要でした。最終的に、適切な解決策を見つけ出し、プロジェクトの進行に貢献することができました。 詳細27: この問題の解決には、深い技術的理,0
28,ネットワークトラフィックの管理,解決策28: 適切な手順とツールの選定により、効果的に問題を解決しました。継続的な改善とチーム内のコミュニケーションが鍵となります。 解決策28: 適切な手順とツールの選定により、効果的に問題を解決し,2024-03-09 04:52:28.105135,2024-03-09 03:52:28.105135,2024-03-09 02:52:28.105135,1,詳細28: この問題の解決には、深い技術的理解と複数の試みが必要でした。最終的に、適切な解決策を見つけ出し、プロジェクトの進行に貢献することができました。 詳細28: この問題の解決には、深い技術的理,1
29,IoTデバイスとの通信,解決策29: 適切な手順とツールの選定により、効果的に問題を解決しました。継続的な改善とチーム内のコミュニケーションが鍵となります。 解決策29: 適切な手順とツールの選定により、効果的に問題を解決し,2024-03-08 04:52:28.105135,2024-03-08 03:52:28.105135,2024-03-08 02:52:28.105135,2,詳細29: この問題の解決には、深い技術的理解と複数の試みが必要でした。最終的に、適切な解決策を見つけ出し、プロジェクトの進行に貢献することができました。 詳細29: この問題の解決には、深い技術的理,1
30,ビッグデータの処理と分析,解決策30: 適切な手順とツールの選定により、効果的に問題を解決しました。継続的な改善とチーム内のコミュニケーションが鍵となります。 解決策30: 適切な手順とツールの選定により、効果的に問題を解決し,2024-03-07 04:52:28.105135,2024-03-07 03:52:28.105135,2024-03-07 02:52:28.105135,2,詳細30: この問題の解決には、深い技術的理解と複数の試みが必要でした。最終的に、適切な解決策を見つけ出し、プロジェクトの進行に貢献することができました。 詳細30: この問題の解決には、深い技術的理,1
31,クラウドストレージの利用最適化,解決策31: 適切な手順とツールの選定により、効果的に問題を解決しました。継続的な改善とチーム内のコミュニケーションが鍵となります。 解決策31: 適切な手順とツールの選定により、効果的に問題を解決し,2024-03-06 04:52:28.105135,2024-03-06 03:52:28.105135,2024-03-06 02:52:28.105135,2,詳細31: この問題の解決には、深い技術的理解と複数の試みが必要でした。最終的に、適切な解決策を見つけ出し、プロジェクトの進行に貢献することができました。 詳細31: この問題の解決には、深い技術的理,1
32,GraphQLの導入と最適化,解決策32: 適切な手順とツールの選定により、効果的に問題を解決しました。継続的な改善とチーム内のコミュニケーションが鍵となります。 解決策32: 適切な手順とツールの選定により、効果的に問題を解決し,2024-03-05 04:52:28.105135,2024-03-05 03:52:28.105135,2024-03-05 02:52:28.105135,2,詳細32: この問題の解決には、深い技術的理解と複数の試みが必要でした。最終的に、適切な解決策を見つけ出し、プロジェクトの進行に貢献することができました。 詳細32: この問題の解決には、深い技術的理,1
33,オープンソースプロジェクトへの貢献,解決策33: 適切な手順とツールの選定により、効果的に問題を解決しました。継続的な改善とチーム内のコミュニケーションが鍵となります。 解決策33: 適切な手順とツールの選定により、効果的に問題を解決し,2024-03-04 04:52:28.105135,2024-03-04 03:52:28.105135,2024-03-04 02:52:28.105135,4,詳細33: この問題の解決には、深い技術的理解と複数の試みが必要でした。最終的に、適切な解決策を見つけ出し、プロジェクトの進行に貢献することができました。 詳細33: この問題の解決には、深い技術的理,1
34,マイクロサービスのデプロイ戦略,解決策34: 適切な手順とツールの選定により、効果的に問題を解決しました。継続的な改善とチーム内のコミュニケーションが鍵となります。 解決策34: 適切な手順とツールの選定により、効果的に問題を解決し,2024-03-03 04:52:28.105135,2024-03-03 03:52:28.105135,2024-03-03 02:52:28.105135,2,詳細34: この問題の解決には、深い技術的理解と複数の試みが必要でした。最終的に、適切な解決策を見つけ出し、プロジェクトの進行に貢献することができました。 詳細34: この問題の解決には、深い技術的理,1
35,データ暗号化とプライバシー保護,解決策35: 適切な手順とツールの選定により、効果的に問題を解決しました。継続的な改善とチーム内のコミュニケーションが鍵となります。 解決策35: 適切な手順とツールの選定により、効果的に問題を解決し,2024-03-02 04:52:28.105135,2024-03-02 03:52:28.105135,2024-03-02 02:52:28.105135,1,詳細35: この問題の解決には、深い技術的理解と複数の試みが必要でした。最終的に、適切な解決策を見つけ出し、プロジェクトの進行に貢献することができました。 詳細35: この問題の解決には、深い技術的理,0
36,ブロックチェーン技術の適用,解決策36: 適切な手順とツールの選定により、効果的に問題を解決しました。継続的な改善とチーム内のコミュニケーションが鍵となります。 解決策36: 適切な手順とツールの選定により、効果的に問題を解決し,2024-03-01 04:52:28.105135,2024-03-01 03:52:28.105135,2024-03-01 02:52:28.105135,3,詳細36: この問題の解決には、深い技術的理解と複数の試みが必要でした。最終的に、適切な解決策を見つけ出し、プロジェクトの進行に貢献することができました。 詳細36: この問題の解決には、深い技術的理,1
37,ソフトウェアライセンスとコンプライアンス,解決策37: 適切な手順とツールの選定により、効果的に問題を解決しました。継続的な改善とチーム内のコミュニケーションが鍵となります。 解決策37: 適切な手順とツールの選定により、効果的に問題を解決し,2024-02-29 04:52:28.105135,2024-02-29 03:52:28.105135,2024-02-29 02:52:28.105135,4,詳細37: この問題の解決には、深い技術的理解と複数の試みが必要でした。最終的に、適切な解決策を見つけ出し、プロジェクトの進行に貢献することができました。 詳細37: この問題の解決には、深い技術的理,1
38,デザインシステムの構築と管理,解決策38: 適切な手順とツールの選定により、効果的に問題を解決しました。継続的な改善とチーム内のコミュニケーションが鍵となります。 解決策38: 適切な手順とツールの選定により、効果的に問題を解決し,2024-02-28 04:52:28.105135,2024-02-28 03:52:28.105135,2024-02-28 02:52:28.105135,1,詳細38: この問題の解決には、深い技術的理解と複数の試みが必要でした。最終的に、適切な解決策を見つけ出し、プロジェクトの進行に貢献することができました。 詳細38: この問題の解決には、深い技術的理,0
39,ゲーム開発の特有の問題,解決策39: 適切な手順とツールの選定により、効果的に問題を解決しました。継続的な改善とチーム内のコミュニケーションが鍵となります。 解決策39: 適切な手順とツールの選定により、効果的に問題を解決し,2024-02-27 04:52:28.105135,2024-02-27 03:52:28.105135,2024-02-27 02:52:28.105135,1,詳細39: この問題の解決には、深い技術的理解と複数の試みが必要でした。最終的に、適切な解決策を見つけ出し、プロジェクトの進行に貢献することができました。 詳細39: この問題の解決には、深い技術的理,1
40,VR/ARコンテンツの開発,解決策40: 適切な手順とツールの選定により、効果的に問題を解決しました。継続的な改善とチーム内のコミュニケーションが鍵となります。 解決策40: 適切な手順とツールの選定により、効果的に問題を解決し,2024-02-26 04:52:28.105135,2024-02-26 03:52:28.105135,2024-02-26 02:52:28.105135,1,詳細40: この問題の解決には、深い技術的理解と複数の試みが必要でした。最終的に、適切な解決策を見つけ出し、プロジェクトの進行に貢献することができました。 詳細40: この問題の解決には、深い技術的理,0
41,アジャイルとスクラムの違い,解決策41: 適切な手順とツールの選定により、効果的に問題を解決しました。継続的な改善とチーム内のコミュニケーションが鍵となります。 解決策41: 適切な手順とツールの選定により、効果的に問題を解決し,2024-02-25 04:52:28.105135,2024-02-25 03:52:28.105135,2024-02-25 02:52:28.105135,1,詳細41: この問題の解決には、深い技術的理解と複数の試みが必要でした。最終的に、適切な解決策を見つけ出し、プロジェクトの進行に貢献することができました。 詳細41: この問題の解決には、深い技術的理,0
42,AI/MLモデルの統合,解決策42: 適切な手順とツールの選定により、効果的に問題を解決しました。継続的な改善とチーム内のコミュニケーションが鍵となります。 解決策42: 適切な手順とツールの選定により、効果的に問題を解決し,2024-02-24 04:52:28.105135,2024-02-24 03:52:28.105135,2024-02-24 02:52:28.105135,1,詳細42: この問題の解決には、深い技術的理解と複数の試みが必要でした。最終的に、適切な解決策を見つけ出し、プロジェクトの進行に貢献することができました。 詳細42: この問題の解決には、深い技術的理,0
43,モバイルアプリのバッテリー最適化,解決策43: 適切な手順とツールの選定により、効果的に問題を解決しました。継続的な改善とチーム内のコミュニケーションが鍵となります。 解決策43: 適切な手順とツールの選定により、効果的に問題を解決し,2024-02-23 04:52:28.105135,2024-02-23 03:52:28.105135,2024-02-23 02:52:28.105135,4,詳細43: この問題の解決には、深い技術的理解と複数の試みが必要でした。最終的に、適切な解決策を見つけ出し、プロジェクトの進行に貢献することができました。 詳細43: この問題の解決には、深い技術的理,0
44,分散システムの同期問題,解決策44: 適切な手順とツールの選定により、効果的に問題を解決しました。継続的な改善とチーム内のコミュニケーションが鍵となります。 解決策44: 適切な手順とツールの選定により、効果的に問題を解決し,2024-02-22 04:52:28.105135,2024-02-22 03:52:28.105135,2024-02-22 02:52:28.105135,3,詳細44: この問題の解決には、深い技術的理解と複数の試みが必要でした。最終的に、適切な解決策を見つけ出し、プロジェクトの進行に貢献することができました。 詳細44: この問題の解決には、深い技術的理,1
45,リアルタイムデータ処理の課題,解決策45: 適切な手順とツールの選定により、効果的に問題を解決しました。継続的な改善とチーム内のコミュニケーションが鍵となります。 解決策45: 適切な手順とツールの選定により、効果的に問題を解決し,2024-02-21 04:52:28.105135,2024-02-21 03:52:28.105135,2024-02-21 02:52:28.105135,4,詳細45: この問題の解決には、深い技術的理解と複数の試みが必要でした。最終的に、適切な解決策を見つけ出し、プロジェクトの進行に貢献することができました。 詳細45: この問題の解決には、深い技術的理,1
46,フルテキスト検索の実装,解決策46: 適切な手順とツールの選定により、効果的に問題を解決しました。継続的な改善とチーム内のコミュニケーションが鍵となります。 解決策46: 適切な手順とツールの選定により、効果的に問題を解決し,2024-02-20 04:52:28.105135,2024-02-20 03:52:28.105135,2024-02-20 02:52:28.105135,3,詳細46: この問題の解決には、深い技術的理解と複数の試みが必要でした。最終的に、適切な解決策を見つけ出し、プロジェクトの進行に貢献することができました。 詳細46: この問題の解決には、深い技術的理,0
